<?xml version="1.0" encoding="UTF-8"?>
<con:soapui-project id="f824ad29-d345-49c9-9b63-69b8c8ca29d8" activeEnvironment="Default" name="Todo_angular_boot_jwt" resourceRoot="${projectDir}" soapui-version="5.4.0" abortOnError="false" runType="SEQUENTIAL" xmlns:con="http://eviware.com/soapui/config"><con:settings/><con:interface xsi:type="con:RestService" id="8b0dd4fc-0007-4c8f-bbd9-7dcff5ac4482" wadlVersion="http://wadl.dev.java.net/2009/02" name="http://localhost:8090" type="rest" xmlns:xsi="http://www.w3.org/2001/XMLSchema-instance"><con:settings/><con:definitionCache type="TEXT" rootPart=""/><con:endpoints><con:endpoint>http://localhost:8090</con:endpoint></con:endpoints><con:resource name="create_user" path="/signup" id="8d63c9ba-425a-457b-9595-da79a81ed510"><con:settings/><con:parameters/><con:method name="1" id="faea09bf-e869-4233-a8f4-60f16de9af27" method="POST"><con:settings/><con:parameters/><con:representation type="REQUEST"><con:mediaType>application/json</con:mediaType><con:params/></con:representation><con:representation type="FAULT"><con:mediaType>application/json;charset=UTF-8</con:mediaType><con:status>400 500</con:status><con:params/><con:element xmlns:sig="http://localhost/signup">sig:Fault</con:element></con:representation><con:representation type="RESPONSE"><con:mediaType>application/json;charset=UTF-8</con:mediaType><con:status>201</con:status><con:params/><con:element xmlns:sig="http://localhost/signup">sig:Response</con:element></con:representation><con:request name="create_user" id="61ed9351-dcd0-4468-a072-27dc53400797" mediaType="application/json" postQueryString="false"><con:settings><con:setting id="com.eviware.soapui.impl.wsdl.WsdlRequest@request-headers">&lt;xml-fragment/></con:setting></con:settings><con:endpoint>http://localhost:8090</con:endpoint><con:request>{
	"firstName":"nitin",
	"lastName":"dhamija",
	"email":"nitindhamija@gmail.com",
	"userName":"nitindhamija",
	"password":"nitin123",
	"enabled":0,
	"created":"2017-07-12T21:43:45Z",
	"roles":[{
		"id":1
	},
	{
	"id":2
	}
	]
	
}</con:request><con:originalUri>http://localhost/signup</con:originalUri><con:credentials><con:authType>No Authorization</con:authType></con:credentials><con:jmsConfig JMSDeliveryMode="PERSISTENT"/><con:jmsPropertyConfig/><con:parameters/></con:request></con:method></con:resource><con:resource name="create_roles" path="/role/roles" id="04f2ccd4-da99-4bb0-8b8e-3937bf89749f"><con:settings/><con:parameters/><con:method name="Method 1" id="4412eaf0-b5eb-4500-b96b-f271c80bdfa1" method="POST"><con:settings/><con:parameters/><con:representation type="REQUEST"><con:mediaType>application/json</con:mediaType><con:params/></con:representation><con:representation type="FAULT"><con:mediaType>application/json;charset=UTF-8</con:mediaType><con:status>401 400</con:status><con:params/><con:element xmlns:rol="http://localhost/role/roles">rol:Fault</con:element></con:representation><con:representation type="RESPONSE"><con:mediaType>application/json;charset=UTF-8</con:mediaType><con:status>201</con:status><con:params/><con:element xmlns:rol="http://localhost/role/roles">rol:Response</con:element></con:representation><con:request name="Request 1" id="6765a0af-2e90-4525-aace-04c51c89bbd8" mediaType="application/json" postQueryString="false"><con:settings><con:setting id="com.eviware.soapui.impl.wsdl.WsdlRequest@request-headers">&lt;xml-fragment/></con:setting></con:settings><con:endpoint>http://localhost:8090</con:endpoint><con:request>{
		"id":5,
		"role":"tester"
		
}</con:request><con:originalUri>http://localhost/role/roles</con:originalUri><con:credentials><con:authType>No Authorization</con:authType></con:credentials><con:jmsConfig JMSDeliveryMode="PERSISTENT"/><con:jmsPropertyConfig/><con:parameters/></con:request></con:method></con:resource><con:resource name="generate-token" path="/token/generate-token" id="92c75ae6-41ac-4ebe-844c-aeb8922c8bfa"><con:settings/><con:parameters/><con:method name="Method 1" id="b63a748b-a5ef-42f6-a1cd-988df580aac8" method="POST"><con:settings/><con:parameters/><con:representation type="RESPONSE"><con:mediaType>application/json;charset=UTF-8</con:mediaType><con:status>200</con:status><con:params/><con:element xmlns:gen="http://localhost/token/generate-token">gen:Response</con:element></con:representation><con:representation type="REQUEST"><con:mediaType>application/json</con:mediaType><con:params/></con:representation><con:request name="Request 1" id="b584b3bf-dd69-4e92-9cbd-509f4ca4abb4" mediaType="application/json" postQueryString="false"><con:settings><con:setting id="com.eviware.soapui.impl.wsdl.WsdlRequest@request-headers">&lt;xml-fragment/></con:setting></con:settings><con:endpoint>http://localhost:8090</con:endpoint><con:request>{
	"userName":"nitindhamija",
	"password":"nitin123"
}
</con:request><con:originalUri>http://localhost/token/generate-token</con:originalUri><con:credentials><con:authType>No Authorization</con:authType></con:credentials><con:jmsConfig JMSDeliveryMode="PERSISTENT"/><con:jmsPropertyConfig/><con:parameters/></con:request></con:method></con:resource><con:resource name="todo" path="/todo/todos" id="f7544c82-a41b-4a56-94aa-ad68e2d59ad8"><con:settings/><con:parameters/><con:method name="GET" id="e8e2401c-90b7-4c7a-97f9-73c8faf2231e" method="GET"><con:settings/><con:parameters/><con:representation type="FAULT"><con:mediaType>application/json;charset=UTF-8</con:mediaType><con:status>401</con:status><con:params/><con:element xmlns:tod="http://localhost/todo/todos">tod:Fault</con:element></con:representation><con:representation type="REQUEST"><con:mediaType>application/json</con:mediaType><con:params/></con:representation><con:representation type="RESPONSE"><con:mediaType>application/json;charset=UTF-8</con:mediaType><con:status>200</con:status><con:params/><con:element>Response</con:element></con:representation><con:request name="getTodoList" id="ecd70737-51ee-4dfb-8811-4cba15fd174c" mediaType="application/json"><con:settings><con:setting id="com.eviware.soapui.impl.wsdl.WsdlRequest@request-headers">&lt;xml-fragment xmlns:con="http://eviware.com/soapui/config">
  &lt;con:entry key="Authorization" value="Bearer eyJhbGciOiJIUzI1NiJ9.eyJzdWIiOiJuaXRpbmRoYW1pamEiLCJzY29wZXMiOiJST0xFX2FkbWluLFJPTEVfZGV2ZWxvcGVyIiwiaWF0IjoxNTU4NDM3MjIzLCJleHAiOjE1NTg0NTUyMjN9.UbG-GVFjfa7AaVJRIjJ2MQNi50hBkvNj6w1XtG1Iibo"/>
  &lt;con:entry key="Content-Type" value="application/json"/>
&lt;/xml-fragment></con:setting></con:settings><con:endpoint>http://localhost:8090</con:endpoint><con:request/><con:originalUri>http://localhost/todo/todos</con:originalUri><con:credentials><con:authType>No Authorization</con:authType></con:credentials><con:jmsConfig JMSDeliveryMode="PERSISTENT"/><con:jmsPropertyConfig/><con:parameters/></con:request></con:method><con:method name="POST" id="fe2155c6-d98f-4e43-bf71-2cedf0d16d10" method="POST"><con:settings/><con:parameters/><con:representation type="FAULT"><con:mediaType>application/json;charset=UTF-8</con:mediaType><con:status>401</con:status><con:params/><con:element xmlns:tod="http://localhost/todo/todos">tod:Fault</con:element></con:representation><con:representation type="REQUEST"><con:mediaType>application/json</con:mediaType><con:params/></con:representation><con:representation type="RESPONSE"><con:mediaType>application/json;charset=UTF-8</con:mediaType><con:status>201</con:status><con:params/><con:element xmlns:tod="http://localhost/todo/todos">tod:Response</con:element></con:representation><con:request name="create_todo" id="d517b710-e7c1-4437-a335-7a9233fb74ea" mediaType="application/json" postQueryString="false"><con:settings><con:setting id="com.eviware.soapui.impl.wsdl.WsdlRequest@request-headers">&lt;xml-fragment xmlns:con="http://eviware.com/soapui/config">
  &lt;con:entry key="Authorization" value="Bearer eyJhbGciOiJIUzI1NiJ9.eyJzdWIiOiJuaXRpbmRoYW1pamEiLCJzY29wZXMiOiJST0xFX2FkbWluLFJPTEVfZGV2ZWxvcGVyIiwiaWF0IjoxNTU4NDM3MjIzLCJleHAiOjE1NTg0NTUyMjN9.UbG-GVFjfa7AaVJRIjJ2MQNi50hBkvNj6w1XtG1Iibo"/>
  &lt;con:entry key="Content-Type" value="application/json"/>
&lt;/xml-fragment></con:setting></con:settings><con:endpoint>http://localhost:8090</con:endpoint><con:request>{
	"name":"Avengers Endgame"
	}</con:request><con:originalUri>http://localhost/todo/todos</con:originalUri><con:credentials><con:authType>No Authorization</con:authType></con:credentials><con:jmsConfig JMSDeliveryMode="PERSISTENT"/><con:jmsPropertyConfig/><con:parameters/></con:request></con:method><con:method name="PUT" id="6f50e9e6-56dc-497c-9ad6-a961542784fb" method="PUT"><con:settings/><con:parameters/><con:representation type="REQUEST"><con:mediaType>application/json</con:mediaType><con:params/></con:representation><con:representation type="FAULT"><con:mediaType>application/json;charset=UTF-8</con:mediaType><con:status>401 500</con:status><con:params/><con:element xmlns:tod="http://localhost/todo/todos">tod:Fault</con:element></con:representation><con:representation type="RESPONSE"><con:mediaType>application/json;charset=UTF-8</con:mediaType><con:status>200</con:status><con:params/><con:element xmlns:tod="http://localhost/todo/todos">tod:Response</con:element></con:representation><con:request name="update_todo" id="cc97d4f2-a31c-483b-af3c-b6dba472bce9" mediaType="application/json" postQueryString="false"><con:settings><con:setting id="com.eviware.soapui.impl.wsdl.WsdlRequest@request-headers">&lt;xml-fragment xmlns:con="http://eviware.com/soapui/config">
  &lt;con:entry key="Authorization" value="Bearer eyJhbGciOiJIUzI1NiJ9.eyJzdWIiOiJuaXRpbmRoYW1pamEiLCJzY29wZXMiOiJST0xFX2FkbWluLFJPTEVfZGV2ZWxvcGVyIiwiaWF0IjoxNTU4NDM3MjIzLCJleHAiOjE1NTg0NTUyMjN9.UbG-GVFjfa7AaVJRIjJ2MQNi50hBkvNj6w1XtG1Iibo"/>
  &lt;con:entry key="content-type" value="application/json"/>
&lt;/xml-fragment></con:setting></con:settings><con:endpoint>http://localhost:8090</con:endpoint><con:request> {
      "id": 33,
      "name": "GOT8 shitty ending",
      "completed": true
   }</con:request><con:originalUri>http://localhost/todo/todos</con:originalUri><con:credentials><con:authType>No Authorization</con:authType></con:credentials><con:jmsConfig JMSDeliveryMode="PERSISTENT"/><con:jmsPropertyConfig/><con:parameters/></con:request></con:method></con:resource></con:interface><con:properties/><con:wssContainer/><con:oAuth2ProfileContainer/><con:oAuth1ProfileContainer/><con:sensitiveInformation/></con:soapui-project>